name,danceability,energy,key,loudness,valence,tempo,duration_ms,target
Shape of You,0.825,0.652,1,-3.183,0.931,95.977,233713,0
Despacito - Remix,0.694,0.815,2,-4.328,0.813,88.931,228827,0
Despacito (Featuring Daddy Yankee),0.66,0.786,2,-4.757,0.846,177.833,228200,0
Something Just Like This,0.617,0.635,11,-6.769,0.446,103.019,247160,0
I'm the One,0.609,0.668,7,-4.284,0.811,80.924,288600,0
HUMBLE.,0.904,0.611,1,-6.842,0.4,150.02,177000,0
It Ain't Me (with Selena Gomez),0.64,0.533,0,-6.596,0.515,99.968,220781,0
Unforgettable,0.726,0.769,6,-5.043,0.733,97.985,233902,0
That's What I Like,0.853,0.56,1,-4.961,0.86,134.066,206693,0
"I Don__ Wanna Live Forever (Fifty Shades Darker) - From ""Fifty Shades Darker (Original Motion Picture Soundtrack)""",0.735,0.451,0,-8.374,0.0862,117.973,245200,0
XO TOUR Llif3,0.732,0.75,11,-6.366,0.401,155.096,182707,0
Paris,0.653,0.658,2,-6.428,0.219,99.99,221507,0
Stay (with Alessia Cara),0.679,0.634,5,-5.024,0.498,102.013,210091,0
Attention,0.774,0.626,3,-4.432,0.777,100.041,211475,0
Mask Off,0.833,0.434,2,-8.795,0.281,150.062,204600,0
Congratulations,0.627,0.812,6,-4.215,0.504,123.071,220293,0
Swalla (feat. Nicki Minaj & Ty Dolla $ign),0.696,0.817,1,-3.862,0.782,98.064,216409,0
Castle on the Hill,0.461,0.834,2,-4.868,0.471,135.007,261154,0
Rockabye (feat. Sean Paul & Anne-Marie),0.72,0.763,9,-4.068,0.742,101.965,251088,0
Believer,0.779,0.787,10,-4.305,0.708,124.982,204347,0
Mi Gente,0.543,0.677,11,-4.915,0.294,103.809,189440,0
Thunder,0.6,0.81,0,-4.749,0.298,167.88,187147,0
Say You Won't Let Go,0.358,0.557,10,-7.398,0.494,85.043,211467,0
There's Nothing Holdin' Me Back,0.857,0.8,2,-4.035,0.966,121.996,199440,0
Me RehÃºso,0.744,0.804,1,-6.327,0.426,104.823,205715,0
Issues,0.706,0.427,8,-6.864,0.42,113.804,176320,0
Galway Girl,0.624,0.876,9,-3.374,0.781,99.943,170827,0
Scared to Be Lonely,0.584,0.54,1,-7.786,0.195,137.972,220883,0
Closer,0.748,0.524,8,-5.599,0.661,95.01,244960,0
Symphony (feat. Zara Larsson),0.707,0.629,0,-4.581,0.457,122.863,212459,0
I Feel It Coming,0.768,0.813,0,-5.94,0.579,92.994,269187,0
Starboy,0.681,0.594,7,-7.028,0.535,186.054,230453,0
Wild Thoughts,0.671,0.672,0,-3.094,0.632,97.98,204173,0
Slide,0.736,0.795,1,-3.299,0.511,104.066,230813,0
New Rules,0.771,0.696,9,-6.258,0.656,116.054,208827,0
1-800-273-8255,0.629,0.572,5,-7.733,0.386,100.015,250173,0
Passionfruit,0.809,0.463,11,-11.377,0.364,111.98,298941,0
rockstar,0.577,0.522,5,-6.594,0.119,159.772,218320,0
Strip That Down,0.869,0.485,6,-5.595,0.527,106.028,204502,0
2U (feat. Justin Bieber),0.548,0.65,8,-5.827,0.557,144.937,194897,0
Perfect,0.599,0.448,8,-6.312,0.168,95.05,263400,0
Call On Me - Ryan Riback Extended Remix,0.676,0.843,0,-4.068,0.718,105.003,222041,0
Feels,0.893,0.745,11,-3.105,0.872,101.018,223413,0
Mama,0.746,0.793,11,-4.209,0.557,104.027,181615,0
Felices los 4,0.755,0.789,5,-4.502,0.737,93.973,229849,0
iSpy (feat. Lil Yachty),0.746,0.653,7,-6.745,0.672,75.016,253107,0
Location,0.736,0.449,1,-11.462,0.326,80.126,219080,0
Chantaje,0.852,0.773,8,-2.921,0.907,102.034,195840,0
Bad and Boujee (feat. Lil Uzi Vert),0.927,0.665,11,-5.313,0.175,127.076,343150,0
Havana,0.768,0.517,7,-4.323,0.418,104.992,216897,0
Solo Dance,0.744,0.836,6,-2.396,0.36,114.965,174933,0
Fake Love,0.927,0.488,9,-9.433,0.605,133.987,210937,0
Let Me Love You,0.476,0.718,8,-5.309,0.142,199.864,205947,0
More Than You Know,0.644,0.743,5,-5.002,0.544,123.074,203000,0
One Dance,0.791,0.619,1,-5.886,0.371,103.989,173987,0
SUBEME LA RADIO,0.684,0.823,9,-3.297,0.647,91.048,208163,0
Pretty Girl - Cheat Codes X CADE Remix,0.703,0.868,7,-4.661,0.733,121.03,193613,0
Sorry Not Sorry,0.704,0.633,11,-6.923,0.863,144.021,203760,0
Redbone,0.743,0.359,1,-10.401,0.587,160.083,326933,0
24K Magic,0.818,0.803,1,-4.282,0.632,106.97,225983,0
DNA.,0.637,0.514,1,-6.763,0.402,139.931,185947,0
El Amante,0.683,0.691,8,-5.535,0.732,179.91,219507,0
You Don't Know Me - Radio Edit,0.876,0.669,11,-6.054,0.682,124.007,213947,0
Chained To The Rhythm,0.448,0.801,0,-5.363,0.462,189.798,237734,0
No Promises (feat. Demi Lovato),0.741,0.667,10,-5.445,0.595,112.956,223504,0
Don't Wanna Know (feat. Kendrick Lamar),0.775,0.617,7,-6.166,0.485,100.048,214265,0
"How Far I'll Go - From ""Moana""",0.314,0.555,9,-9.601,0.159,179.666,175517,0
Slow Hands,0.734,0.418,0,-6.678,0.868,85.909,188174,0
EscÃ¡pate Conmigo,0.747,0.864,8,-3.181,0.754,92.028,232787,0
Bounce Back,0.77,0.567,2,-5.698,0.26,81.477,222360,0
Sign of the Times,0.516,0.595,5,-4.63,0.222,119.972,340707,0
goosebumps,0.841,0.728,7,-3.37,0.43,130.049,243837,0
Young Dumb & Broke,0.798,0.539,1,-6.351,0.394,136.949,202547,0
There for You,0.611,0.644,6,-7.607,0.13,105.969,221904,0
Cold (feat. Future),0.697,0.716,9,-6.288,0.506,99.905,234308,0
Silence,0.52,0.761,4,-3.093,0.286,141.971,180823,0
Too Good At Goodbyes,0.698,0.375,5,-8.279,0.534,91.92,201000,0
Just Hold On,0.647,0.932,11,-3.515,0.374,114.991,198774,0
Look What You Made Me Do,0.773,0.68,9,-6.378,0.497,128.062,211859,0
Glorious (feat. Skylar Grey),0.731,0.794,0,-5.126,0.356,139.994,220454,0
Starving,0.721,0.626,4,-4.2,0.558,99.914,181933,0
ReggaetÃ_n Lento (Bailemos),0.761,0.838,4,-3.073,0.71,93.974,222560,0
Weak,0.673,0.637,5,-4.518,0.678,123.98,201160,0
Side To Side,0.648,0.738,6,-5.883,0.603,159.145,226160,0
Otra Vez (feat. J Balvin),0.832,0.772,10,-5.429,0.704,96.016,209453,0
I Like Me Better,0.752,0.505,9,-7.621,0.419,91.97,197437,0
In the Name of Love,0.49,0.485,4,-6.237,0.196,133.889,195840,0
Cold Water (feat. Justin Bieber & M_),0.608,0.798,6,-5.092,0.501,92.943,185352,0
Malibu,0.573,0.781,8,-6.406,0.343,139.934,231907,0
All Night,0.544,0.809,8,-5.098,0.448,145.017,197640,0
Hear Me Now,0.789,0.442,11,-7.844,0.45,121.971,192846,0
Your Song,0.855,0.624,1,-4.093,0.962,117.959,180757,0
Ahora Dice,0.708,0.693,6,-5.516,0.427,143.965,271080,0
Friends (with BloodPopÂ®),0.744,0.739,8,-5.35,0.649,104.99,189467,0
Bank Account,0.884,0.346,8,-8.228,0.376,75.016,220307,0
Bad Things (with Camila Cabello),0.675,0.69,2,-4.761,0.272,137.817,239293,0
Don't Let Me Down,0.542,0.859,11,-5.651,0.403,159.797,208053,0
Body Like A Back Road,0.731,0.469,5,-7.226,0.631,98.963,165387,0
Now Or Never,0.658,0.588,6,-4.902,0.434,110.075,214802,0
Dusk Till Dawn - Radio Edit,0.258,0.437,11,-6.593,0.0967,180.043,239000,0
Safari,0.508,0.687,0,-4.361,0.565,180.044,205600,1
Alguien Robo,0.745,0.921,0,-2.674,0.645,92.973,223613,1
Vacaciones,0.772,0.909,6,-3.225,0.679,96.031,238800,1
Te Quiero PaÎ‚Mi,0.761,0.82,1,-4.003,0.619,88.997,211627,1
Ay Mi Dios,0.761,0.829,0,-3.203,0.82,92.033,252003,1
Traicionera,0.776,0.669,11,-4.933,0.646,91.012,228467,1
Si T’_ La Ves,0.685,0.731,5,-5.119,0.776,177.912,221027,1
Lumbra,0.724,0.84,0,-3.581,0.833,92.01,197087,1
La Bicicleta,0.746,0.961,0,-2.243,0.954,179.984,227457,1
Bailame,0.817,0.869,6,-4.791,0.56,96.029,207200,1
Dile Que Tu Me Quieres,0.721,0.687,1,-6.682,0.828,175.914,226400,1
Deja vu,0.732,0.801,9,-3.859,0.818,123.981,196480,1
S’© Que Te Duele,0.682,0.858,9,-4.711,0.772,94.954,228147,1
Borro Cassette,0.73,0.701,5,-5.885,0.789,175.95,207307,1
DUELE EL CORAZON,0.724,0.904,8,-3.354,0.851,90.999,200813,1
Andas En Mi Cabeza,0.68,0.954,9,-1.823,0.524,104.029,247493,1
Chillax,0.827,0.646,1,-4.727,0.51,92.057,197840,1
Hasta el Amanecer,0.832,0.608,6,-6.042,0.579,94.013,198707,1
Bailame Despacio,0.688,0.719,2,-4.746,0.589,88.015,240000,1
Shaky Shaky,0.899,0.626,6,-4.228,0.871,88.007,234320,1
Bes’çndote,0.724,0.809,7,-4.96,0.495,95.037,181048,1
Ando buscando (feat. Piso 21),0.712,0.841,7,-5.432,0.656,98.003,199281,1
Hula Hoop,0.801,0.822,6,-4.655,0.938,176.048,236493,1
Qu’© Gano Olvid’çndote - Versi’_n Urbana,0.49,0.894,11,-1.708,0.656,197.989,246853,1
Ya Me Enter’© (feat. Nicky Jam) - Urban Version,0.768,0.742,9,-6.308,0.8,114.679,219227,1
Mi Tesoro (feat. Nicky Jam),0.725,0.711,10,-4.544,0.476,93.003,246653,1
T’_ S’_ Sabes Quererme,0.612,0.57,1,-9.62,0.813,169.842,245493,1
Si Me Dices Que Si (feat. Nicky Jam),0.67,0.679,7,-5.618,0.794,172.069,276688,1
Fuego,0.779,0.659,0,-5.455,0.924,95.003,166600,1
Al Filo de Tu Amor,0.712,0.901,1,-4.699,0.84,97.98,214072,1
Young And Menace,0.648,0.833,11,-5.116,0.301,108.001,223800,1
"Sugar, We're Goin Down",0.499,0.824,7,-4.741,0.692,161.977,229093,1
Centuries,0.385,0.866,4,-2.817,0.548,176.014,228360,1
My Songs Know What You Did In The Dark (Light Em Up),0.561,0.927,9,-4.374,0.562,152.011,186827,1
Immortals,0.613,0.874,2,-3.594,0.532,108.038,189387,1
Uma Thurman,0.623,0.956,4,-2.608,0.718,149.958,211573,1
"Dance, Dance",0.616,0.961,11,-3.144,0.531,114.492,180267,1
"This Ain't A Scene, It's An Arms Race",0.607,0.889,9,-4.034,0.376,100.034,212040,1
Bad Liar,0.95,0.412,1,-6.592,0.741,121.019,214648,1
Despacito - Remix,0.63,0.815,2,-4.265,0.814,88.357,228827,1
Thunder,0.608,0.841,0,-3.798,0.25,167.969,187761,1
Attention,0.774,0.626,3,-4.432,0.758,100.041,211475,1
There's Nothing Holdin' Me Back,0.857,0.8,2,-4.035,0.965,121.996,199440,1
Quit (feat. Ariana Grande),0.44,0.413,0,-7.425,0.125,131.659,258188,1
The Cure,0.696,0.503,8,-4.842,0.539,99.977,211364,1
First Time,0.633,0.592,0,-7.245,0.643,90.066,193511,1
No Vacancy,0.711,0.722,5,-3.946,0.483,99.954,223190,1
Most Girls,0.76,0.588,9,-7.082,0.384,102.974,204400,1
Malibu,0.565,0.782,8,-6.413,0.392,140.004,231906,1
Stay (with Alessia Cara),0.457,0.627,5,-5.091,0.535,101.384,210091,1
1-800-273-8255,0.622,0.593,5,-7.755,0.361,100.048,250200,1
Pretty Girl - Cheat Codes X CADE Remix,0.703,0.868,7,-4.661,0.732,121.03,193613,1
Now Or Never,0.66,0.575,6,-4.934,0.485,110.091,214802,1
No Promises (feat. Demi Lovato),0.741,0.667,10,-5.445,0.609,112.956,223504,1
Slow Hands,0.726,0.429,0,-6.623,0.874,85.899,188174,1
Bad Bitch (feat. Ty Dolla $ign),0.656,0.615,5,-6.252,0.364,139.91,197253,1
Good Life (with G-Eazy & Kehlani),0.565,0.771,1,-5.22,0.551,168.385,225526,1
The Night We Met,0.549,0.371,2,-9.56,0.117,87.024,206933,1
Rollin,0.754,0.762,6,-4.486,0.673,92.002,272667,1
Obsession (feat. Jon Bellion),0.741,0.559,10,-7.775,0.441,101.999,221983,1
Whippin (feat. Felix Snow),0.87,0.502,5,-7.497,0.676,82.53,160597,1
Symphony,0.718,0.609,0,-4.699,0.47,122.948,214867,1
Break Up Every Night,0.624,0.806,1,-5.957,0.536,149.999,207520,1
Unforgettable,0.726,0.769,6,-5.043,0.75,97.985,233833,1
HUMBLE.,0.905,0.596,1,-7.496,0.419,149.996,177604,1
do re mi,0.747,0.592,8,-6.334,0.16,110.991,212027,1
Swalla (feat. Nicki Minaj & Ty Dolla $ign),0.696,0.817,1,-3.862,0.779,98.064,216409,1
Whatever It Takes,0.673,0.676,1,-5.002,0.568,134.944,201601,1
Touch,0.607,0.718,4,-4.095,0.521,101.821,213307,1
Selfish,0.415,0.369,8,-10.044,0.0951,95.746,251423,1
It Ain_—Èt Me (with Selena Gomez),0.648,0.532,0,-6.597,0.497,99.983,220781,1
Mama,0.747,0.799,11,-4.066,0.537,104.02,184134,1
The One,0.76,0.303,2,-11.362,0.157,99.991,177573,1
Nights With You,0.763,0.671,1,-4.029,0.608,120.06,197495,1
TG4M,0.667,0.648,3,-6.398,0.585,95.031,172893,1
Mask Off,0.833,0.434,2,-8.795,0.286,150.062,204600,1
Bon App’©tit,0.803,0.793,6,-5.769,0.54,106.035,227292,1
Sign of the Times,0.516,0.595,5,-4.63,0.209,119.972,340707,1
At My Best (feat. Hailee Steinfeld),0.532,0.778,7,-6.69,0.242,169.923,200733,1
Issues,0.704,0.423,8,-6.792,0.45,113.962,176347,1
That's What I Like,0.853,0.56,1,-4.961,0.853,134.066,206693,1
September Song,0.623,0.656,0,-5.608,0.371,95.878,220291,1
Still Got Time,0.748,0.627,7,-6.029,0.513,120.963,188491,1
Location,0.736,0.449,1,-11.462,0.322,80.126,219080,1
Scared to Be Lonely,0.584,0.54,1,-7.786,0.19,137.972,220883,1
Passionfruit,0.804,0.459,11,-11.556,0.372,111.963,298941,1
Shape of You,0.825,0.652,1,-3.183,0.933,95.977,233713,1
Wild Ones (feat. Sia),0.608,0.86,5,-5.324,0.441,127.075,232947,1
Starships,0.748,0.727,11,-2.42,0.68,125.014,210627,1
Lollipop,0.828,0.433,0,-9.716,0.446,148.073,299333,1
Time of Our Lives,0.72,0.802,1,-5.797,0.716,124.043,229360,1
Stereo Hearts (feat. Adam Levine),0.646,0.795,9,-3.293,0.791,89.99,210960,1
Glad You Came,0.755,0.838,7,-4.5,0.454,126.877,198187,1
Dynamite,0.75,0.78,4,-3.155,0.819,119.985,203867,1
Clique,0.467,0.564,9,-4.986,0.304,81.966,293533,1
Airplanes (feat. Hayley Williams of Paramore),0.66,0.867,6,-4.285,0.376,93.033,180480,1
Trumpets,0.635,0.691,0,-4.862,0.63,82.142,217419,1
Live Your Life - feat. Rihanna,0.375,0.862,11,-3.363,0.472,159.841,338853,1
Like A G6,0.352,0.843,7,-7.983,0.716,165.29,216893,1
Feel This Moment,0.673,0.758,7,-3.632,0.541,135.956,229507,1
Timber,0.581,0.963,11,-4.087,0.792,129.992,204160,1
Classic,0.72,0.791,1,-4.689,0.767,102.071,175427,1
Titanium (feat. Sia),0.599,0.803,0,-3.641,0.254,126.057,245041,1
E.T. - feat. Kanye West,0.62,0.869,1,-5.252,0.769,151.684,229573,1
GDFR (feat. Sage The Gemini & Lookas),0.657,0.827,5,-4.036,0.698,145.889,190186,1
"Young, Wild & Free (feat. Bruno Mars)",0.715,0.655,0,-6.425,0.557,95.078,207333,1
The Monster,0.786,0.857,9,-3.765,0.602,110.038,250189,1
TiK ToK,0.755,0.832,2,-2.741,0.719,120.032,199693,1
Love You Like A Love Song,0.859,0.697,1,-3.79,0.875,117.008,188453,1
Don't You Worry Child (Radio Edit) [feat. John Martin],0.612,0.84,11,-3.145,0.441,129.042,212862,1
Sexy Bitch (feat. Akon) - Featuring Akon;explicit,0.809,0.628,11,-5.021,0.797,130.008,195853,1
Somebody,0.842,0.531,0,-8.729,0.758,105.013,189907,1
Maps,0.745,0.714,1,-5.501,0.847,120.025,189959,1
Am I Wrong,0.725,0.68,8,-5.465,0.753,119.939,247520,1
Umbrella,0.579,0.821,1,-4.616,0.561,174.063,275987,1
Counting Stars,0.663,0.714,1,-4.944,0.471,121.99,257840,1
Turn Down for What,0.818,0.799,1,-4.1,0.0953,100.014,213733,1
Get Lucky,0.81,0.793,6,-9.404,0.86,116.049,369627,1
A Dustland Fairytale,0.441,0.87,2,-4.845,0.281,134.469,225160,1
My House,0.688,0.702,7,-4.792,0.731,94.006,192191,1
Best I Ever Had,0.427,0.861,1,-4.874,0.581,161.776,257760,1
Stitches,0.592,0.752,1,-6.589,0.73,74.784,206880,1
I Will Never Let You Down,0.753,0.801,4,-3.215,0.787,128.011,203467,1
Do I Wanna Know?,0.548,0.532,5,-7.596,0.428,85.03,272394,1
Cinema - Skrillex Remix,0.635,0.983,6,-3.807,0.422,145.085,307987,1
Take Care,0.697,0.527,0,-10.438,0.289,121.849,277387,1
Love Song,0.583,0.786,2,-3.142,0.556,123.052,258827,1
Blurred Lines,0.862,0.608,7,-4.762,0.825,120.002,263827,1
Swimming Pools (Drank) - Extended Version,0.68,0.489,11,-7.837,0.261,74.04,313787,1
Beautiful Girls - Radio Disney Version,0.772,0.648,9,-6.222,0.744,129.966,225560,1
Cool,0.709,0.697,2,-3.471,0.78,112.017,189333,1
Can_—Èt Live Without,0.627,0.56,5,-5.378,0.488,97.967,262853,1
Glimpse,0.567,0.678,10,-6.642,0.381,141.951,217480,1
Broken Things,0.547,0.513,0,-7.451,0.262,110.54,187013,1
Even If,0.335,0.582,5,-5.09,0.13,110.522,255160,1
Home,0.468,0.786,9,-2.757,0.479,84.992,219720,1
Nowhere,0.322,0.508,7,-7.681,0.191,155.128,228067,1
Hills and Valleys (The Valleys Version),0.486,0.331,2,-9.106,0.421,79.277,250123,1
Chain Breaker,0.475,0.672,0,-5.925,0.382,77.857,195907,1
Clean,0.361,0.236,6,-7.781,0.184,147.309,277973,1
I Will,0.519,0.684,6,-3.746,0.293,133.943,245853,1
The Gospel,0.576,0.686,3,-6.032,0.599,153.901,254262,1
Throne Room,0.511,0.815,6,-6.317,0.245,128.004,284947,1
I Won't Let You Go - Radio Version,0.526,0.692,4,-3.895,0.266,137.849,237467,1
Unfinished,0.621,0.674,6,-4.635,0.255,92.994,215050,1
Old Church Choir,0.673,0.813,0,-5.895,0.638,103.999,176453,1
Forgiven,0.555,0.663,0,-5.628,0.295,75.976,236667,1
Love Wins,0.534,0.508,2,-7.085,0.407,153.947,225933,1
I Have This Hope,0.422,0.336,0,-7.199,0.0974,108.009,204800,1
In Awe,0.448,0.412,11,-7.877,0.308,133.881,218133,1
Oh My Soul,0.331,0.427,3,-7.431,0.129,157.938,255173,1
You Redeem - Studio Version,0.385,0.663,2,-5.902,0.237,156.066,222400,1
Amen,0.447,0.89,6,-4.563,0.331,93.894,212701,1
Brand New Life,0.619,0.733,8,-5.055,0.507,100.071,220840,1
Oceans (Where Feet May Fail) - Radio Version,0.497,0.604,2,-9.438,0.225,131.935,249640,1
O God Forgive Us,0.464,0.225,0,-9.155,0.209,84.677,205387,1
Death Was Arrested,0.306,0.742,11,-3.914,0.149,155.873,293331,1
Back To God,0.536,0.711,6,-4.916,0.326,147.9,243013,1
Say The Word,0.429,0.636,5,-7.684,0.233,123.966,264320,1
On My Side,0.295,0.326,9,-6.125,0.136,126.704,252360,1
Bloom,0.534,0.933,6,-4.021,0.783,174.081,168040,1
Revival,0.475,0.92,5,-4.991,0.729,154.906,219280,1
Hold It All,0.436,0.618,3,-8.402,0.352,83.982,248962,1
Lifer,0.704,0.928,8,-3.422,0.96,113.981,201093,1
Now,0.543,0.944,11,-2.647,0.728,93.957,202039,1
Battles,0.534,0.862,1,-4.282,0.435,104.012,235733,1
Prove Me Wrong,0.227,0.309,0,-7.368,0.225,167.097,247020,1
Run the Race,0.732,0.606,10,-5.21,0.637,115.985,207052,1
The Happy Song,0.659,0.848,4,-3.273,0.961,166.009,167711,1
Find You Here,0.588,0.58,0,-7.833,0.492,138.013,228453,1
Change The World (feat. Hollyn),0.353,0.87,0,-5.386,0.308,135.045,199111,1
Rise,0.696,0.713,11,-5.114,0.368,189.932,230933,1
Priceless,0.529,0.769,11,-6.369,0.648,73.946,208520,1
Alive In You - Studio Version,0.525,0.657,7,-6.394,0.286,77.013,239999,1
What A Beautiful Name,0.423,0.502,2,-5.924,0.0968,135.858,238200,1
Beloved,0.574,0.802,11,-4.801,0.52,128.062,240453,1
There Is a Cloud,0.388,0.542,2,-6.122,0.128,135.866,347893,1
Rise,0.519,0.907,4,-3.918,0.603,147.957,217800,1
Fearless,0.688,0.843,5,-4.12,0.841,105.02,183413,1
Tears,0.569,0.484,0,-6.536,0.308,122.08,235680,1
To Live Is Christ,0.547,0.511,11,-5.802,0.179,143.968,228040,1
Be The Change,0.511,0.831,11,-4.826,0.544,141.971,237453,1
Parachute,0.676,0.79,7,-3.674,0.0484,99.948,200481,1
Where You Are (Reimagined),0.587,0.791,8,-6.313,0.593,125.993,203937,1
The Cause Of Christ,0.389,0.525,9,-7.941,0.0963,143.919,297320,1
King Of The World,0.528,0.59,6,-6.682,0.113,118.031,216400,1
Come Alive (Dry Bones),0.37,0.723,0,-4.774,0.117,149.923,235227,1
Even So Come - Radio Version/Live,0.301,0.762,7,-3.392,0.208,161.864,254373,1
"10,000 Reasons (Bless the Lord) [Radio Version]",0.459,0.561,7,-7.091,0.298,144.784,256933,1
More Than Conquerors (Radio Version),0.545,0.576,6,-11.081,0.416,100.304,234199,1
TESTIFY,0.495,0.71,0,-3.941,0.332,90.024,243800,1
Great Are You Lord (Radio Mix),0.492,0.656,9,-7.361,0.336,147.948,232379,1
Worthy Of Your Name - Studio,0.401,0.7,0,-5.07,0.171,81.049,307680,1
My All In All,0.436,0.836,10,-4.884,0.314,147.978,288253,1
Love Broke Thru,0.674,0.895,0,-3.973,0.558,102.984,237146,1
Magnify,0.566,0.766,11,-6.87,0.393,139.955,208627,1
The Cross Has The Final Word,0.211,0.649,0,-7.28,0.289,150.11,252965,1
Eye of the Storm (feat. Gabe Real),0.305,0.726,9,-6.375,0.547,82.673,331613,1
Black Colors,0.237,0.99,7,-3.331,0.169,151.545,247533,1
A Darkened Gospel,0.455,0.994,4,-4.584,0.0703,125.035,311217,1
Soil the Stillborn,0.236,0.981,6,-2.635,0.129,160.114,239696,1
No Absolution,0.468,0.998,9,-0.994,0.064,140.003,201783,1
Hearteater,0.476,0.962,8,-4.023,0.451,145.947,314907,1
Shapeless Abomination,0.226,0.553,1,-9.169,0.323,129.255,209563,1
Dirty Waters,0.495,0.955,6,-4.181,0.362,130.002,263687,1
Defiled,0.296,0.983,11,-2.999,0.231,115.003,229859,1
Negative,0.474,0.925,2,-3.539,0.142,139.97,260706,1
Distorting of Perception,0.406,0.936,2,-4.564,0.26,139.922,180872,1
Ruin,0.173,0.927,1,-5.22,0.183,99.131,267600,1
Fauxhammer,0.404,0.989,2,-1.374,0.153,94.291,224812,1
Spiteful Nature,0.456,0.97,1,-4.655,0.0399,124.976,217133,1
We Wait,0.242,0.96,1,-4.112,0.199,169.896,233796,1
Plague of Immortality (feat. Dean Lamb Of Archspire),0.472,0.942,11,-3.954,0.186,150.005,229640,1
Arrogance,0.227,0.921,1,-6.149,0.116,175.167,244181,1
Inferiority,0.444,0.943,1,-4.955,0.292,119.945,268187,1
Senseless Order,0.17,0.866,4,-7.304,0.11,117.539,319582,1
Advent,0.276,0.919,1,-3.773,0.149,116.038,294034,1
Venomous,0.401,0.988,1,-4.104,0.191,155.356,264107,1
Substance Affliction,0.398,0.974,1,-2.823,0.245,129.983,200525,1
To Encompass and Eclipse,0.566,0.986,1,-5.016,0.15,127.515,250647,1
Rope,0.39,0.978,11,-4.209,0.102,100.221,192011,1
Permanent Intoxication,0.336,0.983,11,-1.812,0.131,113.711,282401,1
Tremendous Strain,0.48,0.984,3,-5.718,0.146,130.02,228923,1
Of Talons and Teeth,0.285,0.989,7,-4.407,0.201,140.019,232999,1
Pitchblack,0.428,0.997,8,-3.587,0.0533,149.998,221776,1
Zerotonin 2,0.256,0.98,3,-5.107,0.11,94.99,197684,1
False Hope,0.491,0.928,9,-3.866,0.14,132.973,309734,1
1208,0.274,0.925,1,-5.204,0.102,161.25,198011,1
Plagues,0.217,0.98,5,-3.332,0.0658,139.024,255725,1
Hear Me Out,0.261,0.863,11,-7.199,0.316,108.347,149278,1
Down into the Abyss,0.517,0.991,9,-2.406,0.194,120.026,256920,1
Dance of the Witch,0.258,0.905,10,-4.897,0.16,112.94,282101,1
New World Slaughter,0.484,0.98,0,-1.939,0.165,119.997,328000,1
FVNERAL MOON,0.387,0.967,5,-3.335,0.0536,129.904,300000,1
Beautiful Agony,0.424,0.992,5,-2.976,0.0914,145.144,271560,1
Ways Of Transfiguration,0.45,0.986,1,-2.384,0.172,159.976,267000,1
Black Mammoth,0.222,0.985,7,-4.105,0.16,136.227,278577,1
Solicitude,0.455,0.973,1,-4.597,0.448,102.076,210426,1
The Call of Mighty,0.398,0.955,7,-3.39,0.134,100.03,252005,1
Manufactured Existence,0.399,0.877,11,-5.418,0.254,112.351,267209,1
Bastard Son,0.401,0.921,6,-3.287,0.372,102.035,194000,1
The Shaping Sickness,0.209,0.955,11,-4.527,0.114,199.988,246689,1
Drown Me in Blood,0.493,0.964,1,-3.079,0.17,110.005,258868,1
Inferno,0.339,0.958,9,-2.909,0.273,128.806,219317,1
Debris,0.458,0.957,0,-6.16,0.154,120.006,184482,1
"I, the Weak",0.263,0.896,6,-8.048,0.251,113.106,275719,1
American Dream,0.482,0.968,6,-4.395,0.245,114.001,198947,1
Temptress,0.379,0.979,9,-3.77,0.156,140.029,256114,1
Flag of the Beast,0.535,0.974,10,-3.566,0.431,116.956,203500,1
Unanswered,0.329,0.993,6,-3.416,0.372,116.461,135653,1
Be My Valentine (feat. Dickie Allen),0.162,0.957,10,-6.229,0.119,96.822,200961,1
Prismatic Abyss,0.389,0.985,1,-2.795,0.0637,135.019,220558,1
Right In,0.636,0.802,2,-2.168,0.334,139.815,180400,1
Bangarang (feat. Sirah),0.716,0.972,7,-2.302,0.566,110.026,215253,1
Breakn' A Sweat,0.596,0.921,11,-2.5,0.232,139.969,301987,1
The Devil's Den,0.616,0.946,1,-2.876,0.332,127.992,292907,1
Right On Time,0.633,0.926,11,-4.749,0.493,140.037,245053,1
Kyoto (feat. Sirah),0.605,0.92,4,-2.298,0.22,174.974,200787,1
Skrillex Orchestral Suite By Varien - Bonus Track,0.176,0.479,7,-7.471,0.0622,100.831,414747,1
Satellite,0.385,0.404,8,-6.999,0.0703,146.128,232716,1
Nosedive,0.68,0.593,1,-6.496,0.396,94.007,231679,1
PIZZA,0.726,0.889,6,-4.251,0.531,119.983,212409,1
ñù‚ï‘—ïç“ ñ__ñ_‚ñ_…ñ_” Stay With Me,0.741,0.219,11,-11.944,0.198,101.78,193217,1
Stardust,0.587,0.554,1,-7.212,0.431,80.013,246457,1
Burning youth,0.321,0.751,9,-4.655,0.174,110.182,128340,1
Wi Ing Wi Ing,0.697,0.692,7,-5.34,0.275,124.829,193605,1
Wonder,0.483,0.524,11,-3.92,0.519,91.878,229261,1
I'll Pick You Up,0.498,0.436,6,-4.592,0.261,79.871,221293,1
VAMOS,0.635,0.575,11,-8.8,0.493,159.913,183781,1
MWAH,0.819,0.677,5,-5.703,0.93,94.975,186817,1
Loop,0.676,0.508,2,-7.515,0.327,106.015,238895,1
With Me,0.657,0.427,0,-6.879,0.24,144.014,201667,1
Monster,0.483,0.747,5,-4.363,0.223,80.117,263979,1
What 2 Do,0.62,0.529,5,-5.333,0.572,94.951,225800,1
For Me,0.751,0.489,8,-5.418,0.468,140.013,230493,1
Fallen in Love (Only With You),0.767,0.445,6,-8.527,0.375,119.923,203263,1
Talk,0.844,0.32,6,-9.532,0.575,125.927,226600,1
Black Out,0.743,0.886,8,-3.503,0.397,109.961,237588,1
Sleeping Habits,0.54,0.408,0,-11.899,0.655,159.813,204589,1
Romance in Seoul,0.657,0.536,4,-7.073,0.184,119.95,230000,1
Hot and Cold (feat. Yun Cheoljong of 10cm),0.549,0.451,1,-10.302,0.621,85.296,200231,1
Ki-dult,0.762,0.277,7,-9.263,0.286,109.689,175792,1
"ñ_—êÙ_ ñãŒêÙç, ñù‚ê__ñãêñÜ“ (Duet With ï£åñ “ñ«Ü) , ñ_—êÙ_ ñãŒêÙç, ñù‚ê__ñãêñÜ“",0.214,0.484,9,-5.44,0.267,81.625,249727,1
ïÜ_ñÈ—ñù… ê_µñ ù Love Equation,0.63,0.684,11,-6.74,0.881,142.952,222546,1
I Don't Love You,0.35,0.347,4,-6.154,0.241,146.661,254925,1
My eyes,0.892,0.443,0,-6.181,0.729,107.984,157001,1
Zig Zag,0.764,0.177,9,-13.596,0.569,115.697,99610,1
Cake Love (PROD. BY The Black Skirts),0.432,0.761,1,-4.126,0.334,138.004,278999,1
HOW WAS YOUR DAY,0.7,0.425,7,-9.52,0.283,95.058,215005,1
ï_—ïéÄ Shame,0.453,0.678,9,-7.291,0.0827,131.936,388463,1
You Wouldn't Even Know,0.574,0.51,7,-7.63,0.125,121.989,299008,1
ñ_Çêç—êç_ ñ_… ñ__ñùÜê_‘ Can I Get Married?,0.894,0.161,4,-14.311,0.818,104.968,222307,1
Sneakers,0.717,0.844,1,-5.363,0.825,110.023,232944,1
Dangerous,0.712,0.625,7,-8.832,0.718,100.004,223333,1
Night Time Melody,0.768,0.743,0,-6.09,0.692,89.983,224009,1
Reason Why We Have To Break Up,0.489,0.173,3,-9.827,0.625,121.054,202827,1
"Love, Love.",0.597,0.575,10,-3.705,0.516,85.018,210893,1
I Don't Want,0.598,0.515,5,-4.695,0.377,117.762,224779,1
All in Vain,0.616,0.387,9,-6.079,0.47,81.856,236960,1
êà—êç— Return Home,0.766,0.602,0,-8.388,0.378,100.042,319360,1
ïŒ_ Water,0.792,0.15,1,-15.644,0.33,83.625,293458,1
Summer Night You and I,0.709,0.29,4,-11.092,0.584,90.046,206013,1
Let You Go,0.679,0.126,11,-10.562,0.114,129.75,257187,1
Sooni (I'm your fanatic girl),0.581,0.312,5,-8.984,0.506,181.893,247497,1
Run,0.652,0.512,5,-7.062,0.284,104.98,177090,1
Petals on The Wind (Remake Version),0.73,0.418,2,-6.735,0.401,139.888,205333,1
Morning Call - Remix Version,0.719,0.478,2,-9.58,0.354,77.996,227827,1
Rub off,0.524,0.392,10,-8.938,0.296,145.88,193406,1
Don't You Cry For Me,0.41,0.648,7,-4.469,0.342,60.391,256333,1
Waves - Acoustic,0.483,0.199,2,-11.37,0.162,78.103,248176,1
Runner,0.59,0.568,7,-8.332,0.731,153.113,162084,1
No Role Modelz,0.696,0.521,10,-8.465,0.471,100,292987,1
Wet Dreamz,0.504,0.705,6,-8.205,0.564,175.483,239320,1
Neighbors,0.894,0.284,11,-13.002,0.413,138.944,216520,1
Deja Vu,0.653,0.409,9,-11.446,0.181,174.324,264747,1
G.O.M.D.,0.889,0.393,4,-10.821,0.31,128.065,301133,1
Litty (feat. Tory Lanez),0.592,0.701,10,-4.014,0.299,129.501,280615,1
All Eyes On You (feat. Chris Brown & Nicki Minaj),0.589,0.658,11,-5.288,0.254,77.521,223973,1
Froze (feat. Lil Uzi Vert & Nicki Minaj),0.7,0.693,2,-6.553,0.513,133.981,210472,1
Ima Boss - feat. Rick Ross,0.37,0.87,5,-2.09,0.334,79.092,250240,1
Apple of My Eye,0.523,0.783,6,-3.755,0.312,117.264,291280,1
Santorini Greece,0.434,0.785,4,-4.169,0.393,106.926,332600,1
Idols Become Rivals,0.481,0.716,10,-5.996,0.399,78.829,341680,1
Trap Trap Trap,0.729,0.838,8,-4.476,0.35,136.869,275720,1
Dead Presidents,0.662,0.808,9,-3.06,0.448,76.493,267720,1
She On My Dick,0.541,0.609,1,-3.715,0.298,158.314,225427,1
I Think She Like Me,0.629,0.7,2,-6.212,0.159,85.814,242373,1
Powers That Be,0.501,0.775,7,-6.248,0.615,85.929,269720,1
Game Ain't Based On Sympathy,0.54,0.82,5,-3.824,0.516,78.063,224707,1
Humble,0.801,0.642,9,-5.926,0.703,126.013,160000,1
My Friend,0.707,0.929,8,-4.199,0.403,123.004,201707,1
White Label (Is This Love),0.696,0.795,8,-4.892,0.16,126.186,192000,1
Home,0.562,0.885,8,-3.096,0.679,145.06,228414,1
Front to Back,0.47,0.863,6,-6.52,0.335,170.137,251350,1
Best Thing About,0.726,0.929,0,-7.146,0.706,123.036,335609,1
Flashwind - Radio Edit,0.984,0.941,9,-4.56,0.331,122.003,188852,1
Fuego,0.72,0.643,9,-7.691,0.323,122.012,188852,1
Rose Horizon,0.473,0.885,5,-3.42,0.278,149.698,169756,1
dance alot,0.466,0.943,6,-3.545,0.598,113.457,16588,1
Save You,0.614,0.792,5,-3.528,0.554,154.823,179613,1
I Want You,0.775,0.883,11,-5.83,0.682,125.006,248007,1
Polaris,0.67,0.792,7,-8.211,0.0348,128.018,585000,1
Midnight Sun,0.549,0.816,10,-5.044,0.523,109.774,185726,1
One Life Short,0.715,0.964,0,-4.71,0.307,128.059,183752,1
On Our Own (feat. Natalie Major),0.466,0.849,9,-3.85,0.353,183.76,224212,1
The Wall,0.503,0.989,6,-0.787,0.615,174.012,249655,1
All I Know,0.718,0.944,1,-5.041,0.328,125.004,148801,1
Freesol (feat. Skyler Stonestreet),0.443,0.727,0,-5.171,0.423,74.827,210884,1
Mantra - Mat Zo Remix,0.396,0.821,8,-3.826,0.122,171.927,265543,1
Good Life,0.597,0.832,11,-5.48,0.479,162.03,192041,1
Twinbow,0.675,0.929,9,-2.578,0.428,140.006,166286,1
Limitless (feat. Sophie Rose),0.559,0.854,11,-3.923,0.474,156.008,210968,1
Move On Me,0.714,0.851,6,-3.387,0.692,128.004,176250,1
Wildcard,0.531,0.769,10,-2.881,0.454,77.351,195252,1
Find You,0.738,0.646,8,-5.384,0.401,125.923,190476,1
Legacy,0.587,0.772,4,-4.439,0.201,127.978,198426,1
Show You Love,0.519,0.829,5,-5.121,0.629,123.659,182720,1
Make U Love Me,0.718,0.89,2,-3.931,0.304,124.943,188160,1
Bassline Riddim,0.871,0.893,5,-3.774,0.639,126.016,184762,1
Light - GOSLO Remix,0.641,0.676,9,-4.461,0.174,119.108,302506,1
Walk Away,0.677,0.778,6,-5.19,0.335,97.97,185613,1
Touch The Sky,0.633,0.964,2,-3.573,0.111,124.022,155963,1
"Afraid, Unafraid",0.529,0.739,9,-5.356,0.403,149.915,179200,1
Make You Mine,0.738,0.818,2,-3.652,0.53,139.998,202286,1
Riot Call (feat. Nevve),0.303,0.879,8,-4.748,0.564,80.329,199405,1
Modern Flame (feat. Yuna),0.617,0.524,5,-8.885,0.225,142.046,185089,1
Right Here,0.164,0.878,6,-4.953,0.196,171.908,206897,1
Chicken Soup,0.823,0.815,11,-3.947,0.473,125.989,207293,1
No Sleep,0.597,0.952,9,-3.586,0.206,127.907,209664,1
Help,0.71,0.884,1,-1.258,0.579,149.995,166290,1
Waist Time,0.715,0.989,2,-1.723,0.679,128.054,198750,1
Scared To Be Lonely (Brooks Remix),0.604,0.796,1,-2.416,0.209,127.991,200625,1
Fuck It All Up (feat. JVZEL),0.548,0.811,11,-3.985,0.411,155.08,226172,1
After All,0.546,0.737,5,-3.794,0.188,97.9,174031,1
Something Just Like This - Don Diablo Remix,0.72,0.746,11,-5.567,0.508,124.045,230853,1
The Jam,0.68,0.941,0,-8.093,0.338,124.035,192200,1
Get What You Give,0.626,0.748,1,-5.899,0.217,121.067,219174,1
Joyride,0.723,0.784,2,-5.547,0.382,128.027,211890,1
Open,0.522,0.86,10,-3.773,0.263,128.019,210816,1
I'm the One,0.599,0.667,7,-4.267,0.811,80.984,288877,1
There's Nothing Holdin' Me Back - NOTD Remix,0.719,0.657,11,-4.588,0.694,122.02,194320,1
Bon App’©tit - MUNA Remix,0.615,0.638,1,-5.341,0.41,106.002,201387,1
Hard Times,0.695,0.818,5,-5.379,0.923,119.965,182693,1
Kiwi,0.375,0.93,2,-2.631,0.5,147.124,176387,1
Issues - Alan Walker Remix,0.766,0.771,8,-4.358,0.655,113.946,181000,1
Young,0.615,0.564,9,-6.384,0.443,103.006,224773,1
That's What I Like - Alan Walker Remix,0.692,0.896,1,-4.017,0.809,134.056,195889,1
No More Sad Songs (feat. Machine Gun Kelly),0.709,0.782,7,-3.526,0.706,102.032,225253,1
Carolina,0.624,0.673,4,-4.017,0.458,121.986,189613,1
High Without Your Love,0.867,0.487,5,-5.872,0.777,101.959,191240,1
Feel Good,0.62,0.713,2,-4.753,0.465,137.957,248156,1
1-800-273-8255,0.629,0.572,5,-7.733,0.38,100.015,250173,1
Middle Of The Night,0.61,0.747,11,-4.25,0.443,129.976,176111,1
Tuesday (feat. Danelle Sandoval),0.841,0.639,9,-6.052,0.673,99.002,241875,1
Hunter,0.509,0.712,7,-5.747,0.648,99.831,183229,1
XO TOUR Llif3,0.722,0.614,11,-7.549,0.504,154.903,182728,1
Kissing Strangers,0.776,0.741,7,-5.804,0.845,120.079,202480,1
Ciao Adios,0.698,0.882,4,-3.078,0.462,106.083,200105,1
Overwhelming,0.732,0.629,0,-4.64,0.685,91.7,172751,1
Go For Broke (feat. James Arthur),0.592,0.763,1,-3.334,0.647,180.084,210947,1
Human,0.602,0.707,11,-4.097,0.539,75.09,200187,1
Eyes Closed,0.568,0.69,1,-5.034,0.044,130.12,202439,1
History,0.769,0.631,1,-6.769,0.501,100.968,203992,1
Calm Down,0.555,0.645,4,-5.799,0.195,140.911,174467,1
Be There,0.583,0.729,6,-4.525,0.313,144.994,199756,1
Swish Swish,0.836,0.71,5,-5.185,0.531,119.952,242174,1
Confident,0.598,0.748,8,-6.239,0.321,130.057,205746,1
Cool for the Summer,0.585,0.614,10,-5.594,0.273,114.059,214740,1
Old Ways,0.626,0.695,7,-6.528,0.586,154.023,204188,1
For You,0.505,0.705,5,-6.097,0.309,126.021,221050,1
Stone Cold,0.414,0.469,8,-7.583,0.322,139.401,191308,1
Kingdom Come,0.556,0.802,5,-5.089,0.263,176.003,244014,1
Waitin for You,0.587,0.659,7,-6.406,0.411,150.026,192918,1
Wildfire,0.628,0.694,5,-3.909,0.447,130.057,199140,1
I'll Let You Know,0.442,0.124,3,-22.227,0.205,65.003,408600,1
I'll Wait And Pray,0.475,0.0588,5,-17.464,0.229,115.642,206360,1
The Shadow of Your Smile,0.487,0.135,2,-11.211,0.23,105.854,388347,1
"Vid Fr’_s’_ kyrka (At Fr’_s’_ Church) - From Fr’_s’_blomster (Fr’_s’_ Flowers) (arr. J. Ekberg, P.V. Johansson and L. Simonsson)",0.535,0.107,10,-18.989,0.159,102.186,297653,1
Jackie Gets Out,0.349,0.227,6,-12.298,0.15,100.449,176297,1
Romance / Hommage ’_ Milhaud,0.428,0.187,10,-21.001,0.171,108.962,285601,1
Leave Me Here,0.456,0.257,10,-16.877,0.171,104.311,243013,1
Where We Used To Live,0.421,0.0867,0,-18.732,0.0718,95.438,265320,1
Mommy's Shawl,0.34,0.237,8,-14.901,0.0728,162.892,305427,1
For Wee Folks,0.478,0.0757,5,-20.847,0.235,76.952,388040,1
All I See is Us,0.46,0.141,9,-14.994,0.16,168.807,278071,1
Goodbye Pork Pie Hat,0.356,0.0937,8,-16.64,0.259,86.669,342373,1
Ballad for MC,0.385,0.0562,11,-14.812,0.186,116.666,182653,1
Soul in Twilight,0.4,0.144,10,-15.52,0.154,120.329,364627,1
So Lovely,0.296,0.0709,3,-14.832,0.066,95.028,340507,1
The Sweetest Nighlife,0.425,0.136,11,-17.382,0.227,168.527,176272,1
I Got It Bad,0.479,0.146,7,-14.319,0.0728,111.643,440133,1
Gramercy Sunset,0.466,0.0753,0,-18.864,0.0877,87.791,255107,1
I'm a Fool to Want You,0.371,0.0295,10,-22.038,0.276,82.313,66762,1
"I Was So Young, and You Were So Beautiful",0.317,0.0302,1,-30.447,0.155,47.859,234373,1
Journey Into Melody - 2007 Digital Remaster,0.505,0.159,7,-11.235,0.205,59.385,294940,1
I'm Glad There Is You,0.55,0.249,5,-15.919,0.296,121.37,484627,1
Blue Ballad,0.47,0.156,2,-17.036,0.0591,118.176,394920,1
The Nearness of You,0.447,0.163,8,-14.835,0.19,74.933,1004627,1
It Never Entered my Mind,0.445,0.223,3,-17.402,0.22,110.821,391707,1
Blue in Green,0.421,0.0161,2,-25.358,0.155,110.926,337733,1
Where or When,0.326,0.0575,4,-16.5,0.311,127.397,168667,1
Count Your Blessings,0.446,0.242,8,-14.152,0.176,126.681,492080,1
Good Morning Heartache,0.526,0.17,9,-13.089,0.173,117.414,322133,1
Two Sleepy People,0.445,0.0978,3,-26.924,0.172,117.283,396520,1
Can't Help Loving,0.533,0.148,0,-18.275,0.103,63.637,221733,1
The Nearness Of You,0.383,0.131,7,-17.764,0.0999,98.606,447280,1
When Sunny Gets Blue,0.569,0.117,5,-22.741,0.102,60.483,282320,1
Blue and Sentimental,0.484,0.0291,10,-23.363,0.38,98.434,389893,1
Almas vaggvisa,0.388,0.0354,7,-25.766,0.192,143.514,232046,1
Before It's Time To Say Goodbye,0.364,0.114,1,-16.552,0.0581,117.715,317946,1
Autumn Nocturne,0.539,0.0678,0,-18.039,0.257,124.105,294667,1
Eleanor,0.45,0.0437,10,-29.46,0.0906,63.938,289693,1
Angel Eyes,0.386,0.125,9,-19.892,0.132,78.553,348533,1
Good Morning.Goodbye,0.42,0.105,6,-20.502,0.108,99.873,336373,1
Doubts 2,0.428,0.212,0,-15.442,0.312,98.096,294587,1
The Last Goodbye,0.32,0.156,2,-12.258,0.0623,159.618,325400,1
Where Do You Start,0.411,0.0416,1,-23.23,0.0746,97.96,246067,1
The Man I Love,0.52,0.0748,8,-24.477,0.134,107.327,341667,1
Gary's Theme - Remastered,0.42,0.0802,7,-21.795,0.0513,122.041,257693,1
Trust,0.399,0.307,1,-14.38,0.0621,116.308,325587,1
The Folks Who Live on the Hill,0.428,0.3,0,-8.885,0.221,122.667,240093,1
All The Way,0.423,0.158,0,-15.59,0.19,106.974,335333,1
Emperor Jones - Instrumental,0.336,0.328,7,-15.005,0.198,184.007,314493,1
Isadora,0.257,0.216,8,-16.266,0.19,65.125,376573,1
I Remember Clifford,0.368,0.14,0,-15.005,0.172,61.758,428973,1
Sous le Ciel de Paris,0.323,0.118,5,-22.751,0.0706,79.554,244867,1
You Go To My Head,0.575,0.0935,3,-15.906,0.289,65.23,258040,1
Gloomy Sunday,0.421,0.0967,7,-16.441,0.183,77.401,763467,1
I Didn't Know About You,0.358,0.16,8,-12.658,0.246,179.955,212493,1
I Have Dreamed,0.331,0.0861,5,-21.226,0.152,107.436,507533,1
Fools Rush In,0.633,0.12,5,-20.066,0.473,115.51,149072,1
Dreamsville,0.461,0.0389,0,-20.482,0.121,109.374,477173,1
Old Folks,0.458,0.217,5,-16.582,0.125,107.506,482187,1
I Got It Bad And That Ain't Good,0.448,0.0532,5,-27.35,0.189,99.757,308893,1
My Romance,0.509,0.0461,1,-10.693,0.368,132.709,252947,1
The Peacocks,0.386,0.148,0,-18.921,0.128,94.88,567920,1
A Nightingale Sang In Berkeley Square,0.407,0.106,1,-19.078,0.23,94.231,418000,1
A Hundred Dreams from Now,0.384,0.0544,0,-19.791,0.301,181.262,206040,1
My Little Brown Book,0.514,0.0814,0,-17.149,0.235,64.97,323200,1
Moving On and Getting Over,0.848,0.465,1,-9.029,0.622,94.02,261933,1
Safe,0.736,0.616,4,-8.016,0.89,101.966,185588,1
Second Nature,0.865,0.548,10,-7.379,0.879,109.989,246610,1
The Best Crew,0.677,0.738,6,-6.287,0.561,98.963,236786,1
Hideout,0.784,0.587,9,-6.361,0.85,107.999,266455,1
No Le Digas Que Hacer,0.534,0.582,2,-6.22,0.289,186.346,238265,1
Peas Pudding Hot,0.876,0.301,0,-7.866,0.932,69.009,51547,1
Biscuits in the Oven,0.718,0.315,6,-13.869,0.592,96.981,144733,1
Jelly Beans,0.498,0.721,4,-6.695,0.673,93.31,106680,1
My Favorite Snack,0.89,0.891,2,-5.542,0.947,119.993,129187,1
Curse of the Spinach,0.603,0.355,0,-9.624,0.441,111.405,100693,1
Mosquito Burrito,0.567,0.436,2,-9.45,0.598,97.206,160133,1
C'mon Let's Make A Pizza,0.554,0.844,9,-7.763,0.935,159.119,191947,1
Jelly On A Plate,0.873,0.511,2,-12.303,0.972,127.93,127227,1
Little Green Apple,0.941,0.256,1,-11.478,0.545,110.082,47547,1
Always Chew Your Food,0.802,0.288,7,-11.372,0.722,119.882,156373,1
"Icy, Creamy Ice Cream",0.693,0.578,0,-11.129,0.851,78.158,87705,1
"Lyric Pieces, Book I Op. 12: I. Arietta",0.471,0.0148,3,-33.097,0.183,102.271,82293,1
"String Quartet No. 4 in C Major, D. 46: II. Andante con moto",0.277,0.0156,7,-24.801,0.0855,117.119,295747,1
"8 Fantasiest’_cke, Op.12 : 1. Des Abends",0.333,0.0288,1,-31.367,0.0857,100.189,221173,1
"String Quartet No. 5 in C Major, Op. 29, ""Serenade"": II. Ballata: Allegretto scherzando",0.338,0.0539,9,-21.863,0.205,103.861,455307,1
"Piano Quartet in E flat, Op.47: 3. Andante cantabile",0.156,0.023,10,-31.082,0.0588,140.715,458000,1
"Piano Sonata No. 18 in G Major, Op. 78, D. 894: IV. Allegretto",0.294,0.142,7,-20.374,0.199,94.296,621280,1
"Trio Sonata in G Major, Wq. 144: I. Adagio",0.152,0.0626,5,-20.947,0.0484,137.174,275653,1
"Trio No. 2 en Mi Mineur, Op. 92: III. Andante con moto",0.236,0.0632,10,-21.189,0.0559,133.959,260000,1
"String Quintet in C Major, Op. 29: II. Adagio molto espressivo",0.173,0.0619,5,-20.788,0.0886,72.695,649415,1
Viola Sonata in C Minor: III. Andante con variazioni,0.295,0.0918,0,-22.769,0.119,98.939,784013,1
Magic City,0.757,0.867,0,-2.529,0.518,125.962,175238,1
Livin' 4 Ya,0.514,0.862,0,-6.329,0.487,126.112,184762,1
Last Chance,0.412,0.83,3,-4.976,0.239,127.894,257846,1
Nite Time - Ruby & Tony Radio Edit,0.654,0.728,6,-8.477,0.281,130.006,236308,1
Satellites,0.638,0.828,7,-4.53,0.102,122.037,196132,1
Can't Take It,0.591,0.881,6,-4.073,0.16,128.076,185171,1
All Aloud,0.624,0.732,4,-6.372,0.292,132.025,187838,1
Close,0.369,0.801,1,-5.302,0.311,128.09,187549,1
Cascade - Original Mix,0.704,0.962,7,-3.095,0.0727,127.997,377153,1
Waiting,0.48,0.878,6,-6.59,0.19,136.006,179893,1
Everytime We Touch,0.707,0.471,9,-7.667,0.354,125.014,220640,1
Milky Way,0.623,0.975,3,-2.632,0.247,125.94,192000,1
You,0.184,0.871,8,-3.245,0.213,127.972,221286,1
La Tromba Risin' (feat. Tasita D'Mour),0.691,0.951,0,-4.989,0.617,126.989,381732,1
Crash 2.0 (Adventure Club vs. DallasK),0.66,0.652,8,-4.747,0.167,127.977,254879,1
Raven,0.569,0.896,1,-3.114,0.113,128.083,190155,1
Icarus - Black Caviar Remix,0.798,0.809,1,-5.898,0.766,120.044,194000,1
Wasted Love (feat. Dougy),0.539,0.936,10,-3.803,0.211,128.015,209531,1
Summer,0.583,0.748,6,-4.798,0.234,142.029,233239,1
Catch Me (feat. Naaz),0.56,0.916,7,-3.328,0.577,144.933,162383,1
Save the World - Radio Mix,0.507,0.665,0,-7.598,0.406,126.879,213338,1
"Wild One Two - feat. David Guetta, Nicky Romero & Sia",0.703,0.684,8,-6.532,0.222,126.027,346930,1
Fire In Your New Shoes (feat. Martina of Dragonette) - Sultan & Ned Shepard Electric Daisy Remix,0.526,0.861,2,-5.871,0.114,128.032,322227,1
Calling (Lose My Mind) - Radio Edit,0.412,0.871,1,-4.893,0.132,125.043,205440,1
Language,0.737,0.614,6,-6.001,0.394,127.987,368476,1
Strobe - Radio Edit,0.649,0.706,8,-7.209,0.0744,128.032,214042,1
Seek Bromance (Avicii Vocal Edit) - Avicii Vocal Edit,0.49,0.811,1,-2.524,0.564,125.965,200992,1
Poison,0.502,0.756,7,-6.118,0.0605,128.125,248447,1
Take Over Control - Radio Edit,0.713,0.81,0,-3.353,0.667,130.006,208620,1
Teenage Crime - Axwell & Henrik B Remode,0.575,0.913,7,-6.081,0.208,128.014,300013,1
Light It Up (feat. Nyla & Fuse ODG) [Remix],0.747,0.877,9,-3.782,0.763,107.991,166138,1
Turn Me Up - ViP Mix,0.719,0.81,8,-4.769,0.483,126.033,251429,1
Together,0.509,0.729,1,-4.773,0.185,127.871,221274,1
Whatcha Need,0.393,0.94,6,-3.894,0.293,129.958,147231,1
Levels - Radio Edit,0.605,0.873,1,-5.938,0.47,126.026,199904,1
Faded,0.589,0.651,6,-5.097,0.161,90.011,212627,1
Move for Me,0.561,0.771,1,-5.533,0.212,128.025,235873,1
Turn up the Speakers - Radio Edit,0.692,0.898,10,-5.276,0.331,127.993,183747,1
Counting Down The Days - Yotto Edit,0.672,0.785,8,-4.473,0.352,122.999,295035,1
Summer Dreams,0.691,0.721,11,-6.206,0.463,117.021,203302,1
Changes - Dirty South Remix,0.841,0.673,9,-7.361,0.197,127.006,485293,1
Heroes (we could be),0.51,0.747,5,-4.124,0.349,125.951,210013,1
Everything,0.516,0.786,4,-5.514,0.182,130.069,174500,1
Lean On (feat. M’… & DJ Snake),0.723,0.809,7,-3.081,0.271,98.007,176561,1
Starlight - Radio Mix,0.568,0.928,10,-3.556,0.57,122.997,196000,1
City Of Dreams - Radio Edit,0.476,0.815,4,-5.073,0.144,127.964,226867,1
Chords Of Life - Original Mix,0.605,0.642,3,-7.002,0.157,125.967,325714,1
Blackout - Madison Mars Radio Mix,0.605,0.884,7,-3.094,0.364,125.989,235000,1
Freak,0.408,0.849,11,-5.284,0.141,174.029,247655,1
Skyscrapers,0.598,0.534,4,-5.666,0.0473,115.005,383495,1
Chemicals - Radio Edit,0.529,0.955,10,-2.59,0.102,125.988,222075,1
Run Wild - Alternative Edit Mix Cut,0.475,0.838,1,-2.948,0.236,127.921,224973,1
Blackout,0.668,0.977,1,-2.673,0.561,128.06,212323,1
Rock The House - Radio Edit,0.69,0.841,4,-5.592,0.533,130.052,230792,1
Sweet Memories,0.624,0.923,9,-5.449,0.39,124.994,157452,1
Borrowed Lives (feat. NVDES),0.719,0.737,2,-5.219,0.356,127.991,313580,1
Concrete Angel (Radio Edit) (feat. Christina Novelli),0.631,0.893,7,-5.123,0.558,130.015,235025,1
Yebisah,0.54,0.933,2,-6.784,0.23,123.988,201290,1
Otherside,0.546,0.772,5,-5.311,0.255,127.942,191250,1
Falling Back - Radio Edit,0.608,0.878,0,-3.631,0.326,128.069,219398,1
Fireflies,0.591,0.649,3,-6.72,0.482,90.002,228347,1
Good Time,0.559,0.882,3,-4.281,0.644,126.064,205933,1
When Can I See You Again?,0.631,0.838,11,-6.817,0.392,127.938,218093,1
Verge,0.55,0.747,2,-6.897,0.185,128.014,213026,1
Vanilla Twilight,0.581,0.526,11,-7.584,0.551,166.151,231707,1
You Make Me Wanna...,0.761,0.639,5,-7.577,0.933,164.088,219120,1
Can't You See,0.715,0.721,8,-5.622,0.814,86.26,277320,1
Lost Without U,0.67,0.348,0,-12.229,0.81,113.306,254147,1
'Till I Collapse,0.572,0.853,1,-3.203,0.0995,171.297,297893,1
$ave Dat Money (feat. Fetty Wap & Rich Homie Quan),0.858,0.697,2,-5.361,0.365,98.012,290836,1
Calm Down,0.537,0.624,11,-8.794,0.4,102.315,127427,1
Remember The Name (feat. Styles Of Beyond),0.688,0.835,8,-4.162,0.879,84.858,230493,1
Mind Tricks,0.578,0.909,7,-3.672,0.518,87.983,233182,1
Help,0.507,0.918,2,-4.684,0.275,92.006,215291,1
Follow You,0.54,0.661,3,-5.534,0.509,90.012,231107,1
Snow Cats,0.231,0.791,4,-4.297,0.404,87.337,200920,1
Paranoia,0.409,0.992,3,-2.803,0.339,149.859,200677,1
Hated,0.458,0.99,8,-3.717,0.462,166.904,211430,1
Shock Me,0.396,0.912,7,-4.026,0.146,125.923,257120,1
The Devil's Bleeding Crown,0.55,0.917,7,-4.575,0.247,109.552,238653,1
Go Down in History,0.505,0.985,5,-4.401,0.267,119.993,219763,1
Serpents,0.351,0.915,1,-4.53,0.457,184.815,165047,1
Black Honey,0.442,0.892,9,-6.431,0.258,151.914,239451,1
Chop Suey!,0.42,0.929,7,-3.899,0.318,127.204,210240,1
Something To Believe In,0.623,0.886,1,-3.044,0.691,92.021,228467,1
She Hates Me,0.585,0.757,4,-5.424,0.615,109.781,216760,1
Don't Threaten Me With A Good Time,0.559,0.895,1,-4.476,0.563,183.825,213093,1
Sex on Fire,0.542,0.905,9,-5.653,0.365,153.398,203347,1
Cold,0.7,0.714,9,-6.295,0.482,99.909,234308,1
It Ain't Me (with Selena Gomez),0.64,0.533,0,-6.596,0.5,99.968,220781,1
Bring Me the Night,0.393,0.505,5,-7.048,0.205,163.938,239451,1
Crush,0.599,0.677,0,-4.722,0.458,81.021,212013,1
Song 2 You,0.591,0.866,2,-2.877,0.496,86.981,218373,1
L.A. Boyz,0.616,0.91,8,-3.316,0.709,150.038,179600,1
Faster than Boyz,0.593,0.814,9,-4.802,0.47,146.919,194893,1
Bad Boys,0.581,0.86,10,-3.459,0.48,122.941,197160,1
"Too Little, Too Late",0.428,0.781,6,-5.032,0.72,82.353,221720,1
Fast Car (feat. Kina Grannis),0.66,0.255,10,-9.79,0.508,103.087,304293,1
In Your Arms,0.672,0.396,2,-9.489,0.464,130.015,184960,1
Valentine,0.862,0.351,9,-11.793,0.504,124.964,150707,1
The One You Say Goodnight To,0.696,0.439,7,-9.438,0.686,135.925,157187,1
Gone,0.631,0.591,11,-7.669,0.459,137.917,253107,1
Strong Enough,0.637,0.507,6,-9.59,0.566,105.932,195167,1
Without Me,0.546,0.522,4,-7.113,0.494,117.299,231240,1
L.A. Story,0.593,0.872,1,-4.525,0.521,91.964,208000,1
Something About the Sunshine,0.688,0.795,5,-6.161,0.773,125.044,186800,1
Like Nobody's Around,0.586,0.896,3,-4.572,0.353,94.954,176360,1
Amazing,0.403,0.883,4,-3.385,0.769,202.013,201720,1
Boyfriend,0.614,0.857,1,-4.171,0.655,164.146,201040,1
Worldwide,0.531,0.771,4,-6.162,0.608,159.973,224333,1
Big Time Rush,0.599,0.888,11,-2.931,0.84,121.05,197587,1
Popular Song,0.644,0.842,8,-4.787,0.852,99.05,200613,1
All About Tonight - featuring Cymphonique Miller,0.543,0.852,1,-3.737,0.689,129.023,183960,1
Count On You,0.638,0.705,2,-4.47,0.292,91.961,209933,1
I Know You Know,0.437,0.802,2,-5.709,0.604,121.387,175587,1
Bring It All to Me,0.695,0.579,0,-5.066,0.731,88.957,218187,1
Too Close,0.85,0.398,7,-9.816,0.717,99.717,258113,1
I'm So Into You,0.841,0.552,7,-10.345,0.596,99.018,278467,1
Don't Let Go (Love),0.618,0.688,5,-5.867,0.561,78.311,291880,1
Candy Rain,0.583,0.681,11,-8.152,0.57,188.256,271093,1
Wifey,0.829,0.652,7,-8.693,0.717,99.581,243159,1
On Bended Knee,0.635,0.53,8,-8.1,0.204,116.631,329907,1
Get It On Tonite,0.809,0.522,10,-8.747,0.879,99.001,275080,1
End Of The Road,0.642,0.421,5,-9.32,0.453,74.849,348893,1
I'll Make Love To You,0.563,0.487,2,-7.775,0.248,142.53,235853,1
Water Runs Dry,0.578,0.375,0,-12.951,0.561,89.605,201280,1
A Song For Mama,0.571,0.447,7,-8.757,0.162,75.019,301587,1
Together Again,0.873,0.591,7,-8.942,0.49,123.091,301200,1
Someone To Call My Lover,0.729,0.914,2,-4.043,0.918,127.907,272360,1
Escapade,0.815,0.944,1,-6.698,0.681,115.219,283934,1
Bye Bye Bye,0.571,0.87,8,-3.877,0.815,172.716,199640,1
This I Promise You - Radio Edit,0.55,0.563,2,-7.019,0.462,166.004,266293,1
It's Gonna Be Me,0.647,0.87,0,-4.702,0.906,165.103,191280,1
God Must Have Spent a Little More Time on You - Remix,0.468,0.535,10,-8.264,0.298,168.001,243493,1
I Want You Back - Radio Edit,0.754,0.946,8,-2.149,0.865,112.042,199787,1
Pop - Radio Version,0.841,0.866,11,-6.342,0.875,119.941,175520,1
Tearin' up My Heart - Radio Edit,0.685,0.872,7,-6.939,0.806,110.046,209560,1
As Long as You Love Me,0.773,0.801,0,-5.562,0.8,98.205,211907,1
Quit Playing Games (With My Heart),0.798,0.862,11,-4.95,0.893,100.031,232027,1
I'll Never Break Your Heart,0.527,0.578,7,-6.012,0.35,162.11,287027,1
All I Have to Give,0.729,0.561,1,-7.162,0.395,95.981,274827,1
The Call,0.697,0.856,10,-4.439,0.732,104.202,203600,1
I Want It That Way,0.683,0.687,6,-5.833,0.486,99.035,213027,1
Show Me the Meaning of Being Lonely,0.634,0.624,6,-5.095,0.668,167.992,234587,1
Shape of My Heart,0.571,0.77,9,-5.46,0.529,96.09,230280,1
I'll Be Missing You (feat. 112),0.862,0.479,7,-9.199,0.919,109.878,301520,1
I Need A Girl (Part One) (feat. Usher & Loon),0.66,0.707,6,-5.758,0.779,89.279,268800,1
Where the Party At,0.596,0.661,5,-6.239,0.864,129.491,232573,1
I Wanna Know,0.725,0.487,8,-5.959,0.595,136.086,296693,1
Stay,0.651,0.645,1,-6.741,0.668,96.394,232227,1
So Sick,0.699,0.592,6,-8.298,0.587,94.933,207187,1
When You're Mad,0.654,0.564,6,-7.186,0.458,86.948,222000,1
Sexy Love,0.622,0.503,8,-6.417,0.6,93.984,220853,1
All My Life,0.634,0.528,1,-8.834,0.187,128,331240,1
Take Me There - Remix,0.779,0.711,0,-4.054,0.857,96.472,254067,1
MMMBop,0.686,0.952,9,-5.169,0.641,104.889,267947,1
Case Of The Ex (Whatcha Gonna Do),0.78,0.69,1,-4.958,0.327,98.002,236827,1
My Love Is Like...Wo - Main Mix/Album Version,0.833,0.677,4,-6.413,0.731,132.876,209490,1
Angel of Mine - Radio Mix,0.592,0.562,10,-6.869,0.2,90.16,250173,1
For You I Will,0.652,0.473,0,-7.981,0.36,123.208,294867,1
Two Wrongs,0.621,0.579,9,-8.574,0.415,82.897,230733,1
Take Me As I Am,0.685,0.784,9,-4.971,0.734,90.89,257173,1
Sweetest Girl (Dollar Bill),0.733,0.744,1,-3.51,0.528,92.515,241133,1
Slow Jam,0.701,0.457,8,-8.562,0.292,127.925,283093,1
Ironic - 2015 Remastered,0.408,0.582,11,-8.305,0.34,114.926,230000,1
U Got It Bad,0.816,0.5,1,-4.551,0.654,124.037,247840,1
My Boo,0.662,0.507,5,-8.238,0.652,86.412,223440,1
Don't Love You No More (I'm Sorry),0.635,0.54,7,-8.122,0.586,99.99,244160,1
Let Me Love You,0.622,0.593,7,-8.352,0.595,94.364,249093,1
Just a Friend 2002 - Radio Edit,0.538,0.677,0,-6.099,0.919,132.346,214200,1
Say My Name,0.713,0.678,5,-3.525,0.738,138.009,271333,1
"Jumpin', Jumpin'",0.771,0.685,1,-4.639,0.683,88.997,230200,1
"Independent Women, Pt. I",0.73,0.602,6,-3.782,0.932,97.954,221133,1
"Bills, Bills, Bills",0.845,0.576,11,-5.15,0.455,127.641,256027,1
No More (Baby I'ma Do Right),0.721,0.723,2,-7.08,0.769,88.933,263440,1
Summer Is Over feat. Sara Bareilles,0.518,0.666,0,-5.306,0.254,130.048,300573,1
Beautiful Disaster,0.415,0.661,7,-4.629,0.283,156.177,251640,1
Human,0.319,0.664,1,-4.85,0.441,112.377,252053,1
So Close,0.386,0.248,11,-11.42,0.153,106.259,226840,1
In Love With a Girl,0.439,0.906,3,-4.8,0.69,161.905,206000,1
Simple Love Song,0.764,0.348,9,-7.98,0.773,119.651,224987,1
Honeymoon Avenue,0.685,0.607,11,-5.301,0.463,125.011,339733,1
Tattooed Heart,0.454,0.521,7,-4.143,0.231,72.28,194707,1
Almost Is Never Enough,0.4,0.337,2,-7.404,0.354,108.196,327773,1
Perfect Harmony,0.664,0.32,4,-7.356,0.71,141.916,145707,1
Pyramid (feat. Iyaz),0.562,0.659,10,-5.234,0.246,87.539,235947,1
Best Friend,0.637,0.659,3,-6.964,0.531,102.029,233000,1
Over And Over Again,0.47,0.271,8,-8.335,0.396,129.623,246896,1
Put Your Arms Around Me,0.758,0.699,0,-4.217,0.724,95.011,222733,1
Try Everything,0.704,0.604,1,-4.865,0.486,115.48,196853,1
Starving,0.712,0.62,4,-4.187,0.519,99.953,181880,1
I Dare You,0.616,0.709,10,-6.134,0.545,122.984,206013,1
Force of Nature,0.658,0.566,7,-6.179,0.513,80.035,241813,1
Perfect Picture,0.555,0.79,3,-5.777,0.519,79.016,187973,1
Tangled Up In Me,0.51,0.708,9,-3.092,0.767,188.058,164347,1
Why Can't I?,0.487,0.759,11,-4.849,0.238,80.958,208360,1
God Is a DJ,0.635,0.977,5,-3.213,0.431,111.955,225400,1
Save My Soul,0.406,0.638,9,-6.085,0.404,177.916,224848,1
Mad Love.,0.277,0.604,0,-3.778,0.28,199.519,244413,1
Secret Love,0.776,0.507,9,-5.752,0.51,98.051,239880,1
Dear No One,0.498,0.586,6,-5.936,0.489,81.945,197847,1
First Heartbreak,0.657,0.485,3,-5.634,0.402,135.805,204960,1
Video,0.652,0.621,9,-8.677,0.647,169.983,249960,1
"Beauty and the Beast - From ""Beauty and the Beast""",0.494,0.542,6,-6.995,0.246,81.34,227928,1
I2I,0.732,0.772,11,-7.974,0.763,130.14,241387,1
Confetti Falling,0.557,0.796,3,-4.147,0.452,127.999,242973,1
You Gotta Be,0.627,0.669,0,-9.985,0.5,94.029,245200,1
Can't Blame a Girl for Trying,0.616,0.401,0,-7.318,0.354,143.75,169307,1
Eyes Wide Open,0.586,0.637,8,-6.621,0.331,88.025,192720,1
"Wildside - From ""Adventures in Babysitting""",0.763,0.569,6,-5.585,0.751,122.988,187960,1
Can I Have This Dance,0.539,0.658,0,-5.109,0.494,136.357,243773,1
Hold On,0.679,0.657,5,-9.897,0.558,97.8,266867,1
Be My Baby,0.627,0.871,1,-4.403,0.677,129.059,164840,1
Photograph (feat. Bea Miller),0.717,0.32,3,-8.393,0.331,107.946,260187,1
Closer (feat. Sarah Hyland),0.694,0.472,8,-8.62,0.466,95.002,244189,1
"Flashlight (Sweet Life Mix) - From ""Pitch Perfect 2"" Soundtrack",0.51,0.602,3,-6.317,0.305,148.077,178320,1
From This Moment On,0.428,0.514,7,-5.021,0.141,135.819,291640,1
You're Still The One,0.551,0.527,3,-7.119,0.662,133.758,212560,1
Everywhere,0.523,0.828,1,-4.696,0.473,96.952,214827,1
Just The Girl,0.571,0.89,9,-1.6,0.725,110.958,234147,1
Pieces Of Me,0.5,0.802,2,-4.205,0.743,174.039,217440,1
She Looks So Perfect,0.493,0.956,1,-4.221,0.467,160.006,202496,1
She's Kinda Hot,0.659,0.9,4,-4.856,0.882,118.04,216454,1
Billie Jean,0.92,0.654,11,-3.051,0.856,117.046,293827,1
Beat It - Single Version,0.779,0.867,3,-3.704,0.918,138.858,258040,1
Black or White - Single Version,0.758,0.927,9,-2.768,0.953,115.076,198507,1
The Way You Make Me Feel,0.608,0.816,1,-5.926,0.497,114.484,297400,1
Man In The Mirror,0.794,0.798,8,-5.639,0.268,100.338,319307,1
P.Y.T. (Pretty Young Thing),0.888,0.815,11,-4.909,0.96,127.273,238733,1
Ultimate,0.492,0.797,11,-4.666,0.533,79.513,186867,1
If I Were a Boy,0.632,0.518,6,-6.126,0.45,90.007,249147,1
With You,0.658,0.696,3,-4.293,0.655,85.998,252053,1
Forever,0.672,0.819,11,-4.457,0.452,120.013,278036,1
A Thousand Years,0.421,0.407,10,-7.445,0.168,139.028,285120,1
Gave Me Something,0.589,0.83,1,-5.547,0.595,94.999,207145,1
Hold My Hand,0.642,0.823,0,-5.717,0.441,122.977,227344,1
"When Will My Life Begin - From ""Tangled""/Soundtrack Version",0.677,0.437,4,-7.413,0.455,108.054,152333,1
"I See the Light - From ""Tangled""/Soundtrack Version",0.24,0.16,5,-14.213,0.199,92.742,224240,1
Torn,0.575,0.886,5,-5.182,0.608,96.308,244667,1
Ain't Nobody,0.794,0.891,1,-6.918,0.813,104.315,281773,1
Dreams,0.555,0.63,4,-13.11,0.488,128.661,271560,1
I Knew I Loved You,0.556,0.517,9,-8.769,0.779,169.938,251253,1
Un-Break My Heart,0.625,0.426,2,-8.392,0.123,110.018,270333,1
Breathe Again,0.689,0.677,0,-6.36,0.265,153.919,269173,1
You're Makin' Me High,0.852,0.563,10,-8.663,0.887,92.112,267440,1
My Little Secret,0.814,0.431,8,-9.125,0.546,129.957,268040,1
One Of Those Love Songs,0.701,0.383,10,-9.016,0.241,135.877,255453,1
Softest Place On Earth,0.773,0.309,7,-8.5,0.411,128.105,256720,1
The Arms of the One Who Loves You,0.657,0.456,0,-8.917,0.181,115.4,260427,1
He Wasn't Man Enough,0.739,0.947,11,-1.915,0.762,88.009,261933,1
Secret Love Song,0.534,0.642,9,-3.971,0.139,92.963,249813,1
I Can't Fall in Love Without You,0.485,0.332,4,-9.244,0.255,130.813,180640,1
Lost Boy,0.71,0.0565,7,-15.099,0.352,123.994,275280,1
Yesterday,0.849,0.531,7,-5.534,0.771,91.927,203720,1
Honest,0.413,0.439,10,-8.537,0.336,97.942,168480,1
When Will I Learn,0.513,0.274,0,-13.577,0.381,129.834,193917,1
Lady Brain,0.447,0.288,4,-9.131,0.352,139.522,171046,1
Cleopatra,0.546,0.76,8,-6.763,0.461,151.456,201413,1
Heavy,0.614,0.549,5,-6.986,0.255,77.926,264151,1
Celeste,0.604,0.841,1,-5.145,0.585,138.976,203310,1
Don't Say,0.606,0.411,1,-11.765,0.234,117.819,201333,1
Like Home,0.661,0.544,7,-11.193,0.307,139.012,186492,1
I Know,0.644,0.523,4,-7.66,0.453,95.966,195107,1
Adventurers,0.645,0.52,1,-7.417,0.395,169.986,150706,1
Back to You,0.499,0.94,0,-2.741,0.451,112.02,195000,1
Memorial Day,0.52,0.497,2,-9.925,0.41,148.895,238093,1
Fire,0.655,0.873,7,-4.992,0.571,130.018,202163,1
I Keep Ticking On,0.602,0.771,3,-4.494,0.387,125.024,156360,1
Automatic,0.626,0.601,2,-6.4,0.187,120.046,233760,1
Ohio - filous Remix,0.599,0.699,1,-7.588,0.312,120.927,245960,1
I Took A Pill In Ibiza - Seeb Remix,0.678,0.783,7,-4.672,0.687,102,198760,1
Bath Salts,0.611,0.487,2,-10.629,0.667,105.034,152869,1
"Nocturne No.1 In B Flat Minor, Op.9 No.1",0.206,0.0347,1,-25.351,0.0378,67.584,336000,1
Semi-Charmed Life,0.64,0.864,7,-6.576,0.735,102.026,268360,1
Mr. Jones,0.581,0.817,0,-6.542,0.772,141.607,272507,1
Two Princes,0.543,0.912,7,-10.71,0.83,103.731,256733,1
Save Tonight,0.547,0.693,0,-8.786,0.581,119.567,239227,1
Hey Jealousy,0.464,0.785,6,-7.42,0.505,153.005,236067,1
Good,0.615,0.657,7,-6.873,0.78,109.95,185093,1
If You Could Only See,0.417,0.946,10,-4.056,0.501,95.245,263280,1
You Get What You Give,0.618,0.896,2,-5.357,0.727,113.961,300773,1
Why I'm Here,0.638,0.666,8,-7.056,0.474,100.01,238093,1
Lump,0.499,0.873,6,-3.902,0.869,142.726,134200,1
Someday - Remastered,0.743,0.67,1,-4.547,0.934,110.832,243333,1
All I Want,0.6,0.811,5,-7.693,0.601,124.303,196116,1
Push,0.42,0.672,6,-7.902,0.459,168.019,238667,1
What's Up?,0.561,0.555,11,-9.734,0.509,134.369,295493,1
Absolutely (Story of a Girl) - Radio Mix,0.481,0.94,7,-5.204,0.643,96.493,189333,1
Roll To Me,0.566,0.804,6,-5.783,0.868,149.989,132307,1
Hey Leonardo (She Likes Me For Me),0.637,0.846,1,-3.663,0.596,103.119,208493,1
Inside Out,0.483,0.818,11,-7.666,0.69,175.668,219467,1
Blister in the Sun - 2002 Remastered Version,0.701,0.261,0,-19.846,0.895,97.042,144333,1
Cannonball,0.498,0.685,3,-11.795,0.781,112.49,215573,1
Iris,0.291,0.79,11,-5.683,0.493,155.667,289907,1
Into Your Arms,0.48,0.891,2,-5.001,0.646,123.961,164467,1
Mmm Mmm Mmm Mmm,0.58,0.575,3,-7.72,0.372,92.934,235173,1
Hollaback Girl,0.926,0.916,10,-2.221,0.903,110.007,199853,1
SexyBack,0.967,0.583,7,-5.562,0.965,117,242733,1
I Gotta Feeling,0.741,0.748,0,-6.299,0.616,127.965,289133,1
...Baby One More Time,0.757,0.725,0,-4.86,0.887,92.96,211160,1
Genie In A Bottle (Album Version),0.618,0.794,1,-6.985,0.919,175.822,217893,1
Fantasy,0.671,0.727,7,-7.585,0.82,102.358,243493,1
No Scrubs,0.743,0.675,8,-4.267,0.604,92.909,214400,1
Drive,0.639,0.849,4,-5.474,0.668,90.562,232987,1
My Own Worst Enemy,0.494,0.946,4,-2.757,0.713,103.408,169027,1
Wannabe - Radio Edit,0.768,0.864,11,-6.145,0.876,110.008,173027,1
Tearin' up My Heart - Radio Edit,0.686,0.915,7,-4.447,0.784,110.054,211000,1
I Try,0.593,0.642,2,-7.284,0.755,76.403,239440,1
Ironic,0.295,0.593,11,-7.572,0.361,85.482,225933,1
Learn to Fly,0.439,0.931,11,-2.59,0.516,135.944,234800,1
Smooth,0.609,0.923,9,-3.908,0.96,115.996,294987,1
I Want It That Way,0.667,0.728,6,-5.476,0.449,99.014,213000,1
Truly Madly Deeply,0.566,0.705,0,-7.569,0.785,168.152,279400,1
(You Drive Me) Crazy,0.748,0.939,0,-4.288,0.962,104.001,198067,1
Pretty Fly (For a White Guy),0.72,0.898,11,-3.701,0.964,143.431,188107,1
Everybody (Backstreet's Back) - Radio Edit,0.706,0.893,10,-4.355,0.616,108.006,225253,1
Remember the Time,0.831,0.921,5,-2.383,0.808,108.002,239227,1
Meet Virginia,0.675,0.553,7,-7.775,0.57,90.02,239933,1
Last Kiss,0.622,0.692,7,-6.97,0.758,112.053,195467,1
Jump,0.749,0.745,2,-10.625,0.461,101.972,195107,1
"Girls, Girls, Girls",0.6,0.931,7,-4.647,0.527,140.123,270427,1
Don't Stop Me Now - Remastered 2011,0.559,0.868,5,-5.276,0.608,156.295,209413,1
Coming Around Again,0.631,0.363,5,-14.331,0.268,138.367,219160,1
Hips Don't Lie,0.778,0.824,10,-5.892,0.767,100.024,218093,1
Don't Cha,0.875,0.631,1,-3.475,0.552,120.002,272080,1
Every time we touch,0.633,0.976,8,-5.362,0.471,142.027,197124,1
Where Is The Love?,0.835,0.687,5,-3.18,0.826,94.059,272533,1
Don't Stop The Music,0.853,0.676,6,-5.533,0.558,122.65,267080,1
Survivor,0.514,0.911,1,-2.027,0.614,161.109,254027,1
Last Friday Night (T.G.I.F.),0.649,0.815,3,-3.796,0.774,126.03,230747,1
"Whenever, Wherever",0.793,0.832,1,-4.861,0.859,107.647,197027,1
Poker Face,0.851,0.806,4,-4.618,0.769,119.002,237200,1
Complicated,0.585,0.776,5,-5.898,0.43,77.987,244507,1
Das Lied Der Schluempfe,0.658,0.781,9,-8.759,0.929,168.883,243493,1
Because We Want To,0.81,0.885,1,-10.116,0.853,107.024,226333,1
Cheeky Song (Touch My Bum),0.757,0.902,7,-6.747,0.853,130.05,205080,1
Agadoo - original,0.618,0.96,4,-6.382,0.949,131.988,187760,1
Achy Breaky Heart,0.766,0.725,9,-6.36,0.964,121.797,204960,1
Jenny from the Block - Track Masters Remix,0.845,0.768,6,-5.448,0.954,100,187840,1
Look At Me,0.64,0.947,9,-3.925,0.68,145.108,272160,1
(Everything I Do) I Do It For You,0.524,0.429,1,-10.064,0.237,131.206,393827,1
Against All Odds (Take a Look at Me Now),0.498,0.467,1,-7.283,0.402,117.78,200400,1
Anyone Can Fall In Love,0.672,0.709,1,-7.884,0.652,98.972,212288,1
There's No One Quite Like Grandma - 2003 Remastered Version,0.528,0.271,3,-12.762,0.49,136.08,182213,1
Earth Song - Remastered Version,0.511,0.453,3,-6.803,0.142,138.309,406280,1
The Lady In Red,0.53,0.445,10,-10.907,0.495,77.092,259040,1
"My Heart Will Go On (Love Theme from ""Titanic"")",0.433,0.364,4,-8.842,0.0384,98.981,281253,1
Can I Touch You...There?,0.563,0.847,0,-6.19,0.81,82.757,315787,1
Lucky,0.764,0.811,1,-5.245,0.967,95.024,205507,1
Believe,0.653,0.933,6,-6.041,0.413,132.965,238693,1
Macarena,0.927,0.721,8,-12.561,0.966,103.018,249382,1
Boys,0.85,0.623,5,-12.256,0.963,119.891,234827,1
Shaddap You Face,0.762,0.705,4,-5.082,0.776,119.439,193160,1
Ice Ice Baby,0.959,0.545,7,-14.855,0.733,115.266,268840,1
Touch Me (I Want Your Body),0.664,0.679,9,-9.08,0.728,104.851,222029,1
Grandad,0.836,0.395,3,-12.015,0.575,104.058,204827,1
Puppy Love,0.191,0.664,1,-4.125,0.545,203.822,184800,1
Girl You Know It's True,0.771,0.812,10,-6.113,0.524,97.721,197933,1
Mysterious Girl,0.653,0.748,10,-6.323,0.809,172.008,216613,1
Every Loser Wins,0.366,0.363,3,-9.768,0.262,132.758,191009,1
MMMBop,0.685,0.948,9,-5.182,0.627,104.881,267947,1
I'd Do Anything For Love (But I Won't Do That),0.423,0.655,2,-5.374,0.298,103.72,322933,1
"To Roz Bikini (Itsy, Bitsy, Teenie, Weenie)",0.687,0.724,7,-4.206,0.974,139.705,152400,1
Hoochie Mama,0.895,0.883,7,-8.919,0.893,131.644,179000,1
Rockstar,0.616,0.91,0,-3.004,0.684,144.073,252040,1
Miracles,0.668,0.897,6,-3.982,0.512,95.952,312640,1
Fuck You Bitch,0.549,0.576,9,-6.282,0.462,118.709,202787,1
Fog On the Tyne,0.615,0.403,0,-17.264,0.707,80.171,203067,1
Cha Cha Slide,0.854,0.903,11,-6.821,0.818,131.02,222080,1
How You Remind Me - LP Mix,0.446,0.764,10,-5.042,0.52,172.094,223840,1
Burn It To The Ground,0.614,0.873,11,-6.353,0.615,132.074,211067,1
If Today Was Your Last Day,0.485,0.911,3,-5.749,0.55,89.956,249067,1
When We Stand Together,0.446,0.9,10,-3.541,0.884,187.961,190787,1
Fuck Kd,0.947,0.829,9,-5.337,0.837,129.991,150152,1
Now I Do What I Want,0.466,0.72,9,-6.105,0.393,139.87,183484,1
300 Violin Orchestra,0.591,0.75,1,-6.599,0.38,149.931,178026,1
Shape of You (Major Lazer Remix) [feat. Nyla & Kranium],0.682,0.812,1,-2.691,0.347,104.891,192000,1
Party Monster,0.585,0.612,1,-8.341,0.173,77.487,249213,1
U got 2 believe,0.616,0.908,10,-6.867,0.81,92.984,208332,1
Sah,0.682,0.518,8,-10.089,0.963,118.539,224000,1
Oh Devil,0.904,0.517,7,-7.287,0.722,96.999,217587,1
Shut Up and Dance,0.578,0.866,1,-3.804,0.619,128.038,199080,1
Anna Sun,0.472,0.844,10,-6.578,0.343,140.034,321280,1
Work This Body,0.421,0.831,4,-5.128,0.489,134.027,175907,1
Tightrope,0.467,0.794,1,-6.174,0.577,162.435,209187,1
Different Colors,0.48,0.826,0,-4.602,0.701,96,222053,1
Avalanche,0.594,0.858,9,-4.339,0.646,138.021,218720,1
Jenny,0.544,0.788,5,-5.593,0.821,148.121,245133,1
Portugal,0.446,0.881,2,-4.368,0.428,169.889,241253,1
Quesadilla,0.551,0.732,9,-6.081,0.628,145.107,195280,1
Aquaman,0.63,0.772,1,-6.986,0.714,99.964,240000,1
Paris - Pegboard Nerds Remix,0.333,0.913,2,-3.722,0.129,99.889,174240,1
Quit You - Wuki Remix,0.743,0.889,10,-5.567,0.186,103.963,259889,1
Don't Let Me Down - Zomboy Remix,0.465,0.953,8,-4.684,0.554,160.064,265600,1
Faded - Slushii Remix,0.68,0.725,6,-3.92,0.26,140.048,211853,1
Can't Get Enough - Pegboard Nerds Remix,0.619,0.949,6,-4.64,0.257,149.935,245656,1
Light - Loosid Remix,0.52,0.809,1,-4.18,0.362,170.032,231667,1
Something Just Like This - ARMNHMR Remix,0.484,0.609,11,-5.652,0.266,131.049,224320,1
Without U,0.583,0.891,7,-3.495,0.321,149.843,224092,1
Hold Up,0.562,0.96,9,-2.981,0.311,159.927,201031,1
Phone Down - Dodge & Fuski Remix,0.595,0.975,8,-2.339,0.183,150.001,198400,1
Spoon Me - Slushii Remix,0.526,0.825,5,-3.506,0.108,150.181,216072,1
Scared To Be Lonely (Conro Remix),0.501,0.683,1,-4.261,0.307,154.901,202839,1
Let It Go - Scott Melker & Mister Gray Remix,0.639,0.978,11,-2.376,0.494,144.986,296276,1
"Call On Me - EDWYNN X TIKAL, Spirix Remix",0.646,0.714,0,-6.511,0.589,97.957,160408,1
Aamon,0.595,0.837,1,-6.011,0.331,149.964,224000,1
Hey Baby - Steve Aoki Remix,0.624,0.971,6,-0.935,0.442,102.003,206013,1
Brightside - Borgeous Remix,0.528,0.879,6,-5.891,0.327,128.268,245053,1
Like A Bitch - Kill The Noise Remix,0.584,0.932,1,-3.501,0.211,74.976,274404,1
Candy,0.894,0.892,1,-2.663,0.867,110.041,182182,1
Habit - Dack Janiels & Wenzday Remix,0.637,0.935,0,-2.467,0.47,150.082,207200,1
First Contact,0.557,0.992,1,-2.735,0.623,150.011,185600,1
I Wanna Get Better,0.446,0.915,9,-6.221,0.402,190.013,204520,1